"file","week_page","note","confirmed_source_total","confirmed_source_states","confirmed_ledger_states","confirmed_stratified","confirmed_ok","confirmed_bad","deaths_source_total","deaths_source_states","deaths_ledger_states","deaths_stratified","deaths_ok","deaths_bad","deaths_source_inconsistent"
"lassa_sitrep_2019_w01_20190101.pdf",1,"",25,8,6,TRUE,6,2,7,6,6,TRUE,5,1,NA
"lassa_sitrep_2019_w02_20190107.pdf",2,"",35,7,7,TRUE,7,0,8,6,7,TRUE,6,0,NA
"lassa_sitrep_2019_w03_20190114.pdf",3,"",74,7,7,TRUE,7,0,12,6,7,TRUE,5,1,NA
"lassa_sitrep_2019_w04_20190126.pdf",4,"",77,14,14,TRUE,14,0,11,7,14,TRUE,7,0,TRUE
"lassa_sitrep_2019_w05_20190202.pdf",5,"",68,13,14,TRUE,13,0,14,9,14,TRUE,9,0,NA
"lassa_sitrep_2019_w06_20190209.pdf",6,"",37,9,9,TRUE,9,0,10,4,9,TRUE,4,0,NA
"lassa_sitrep_2019_w07_20190216.pdf",7,"",25,8,8,TRUE,8,0,6,3,8,TRUE,3,0,NA
"lassa_sitrep_2019_w08_20190223.pdf",8,"",23,8,8,TRUE,8,0,6,6,8,TRUE,6,0,NA
"lassa_sitrep_2019_w09_20190302.pdf",9,"",39,6,6,TRUE,6,0,8,3,6,TRUE,3,0,NA
"lassa_sitrep_2019_w10_20190309.pdf",10,"",52,8,8,TRUE,8,0,11,4,8,TRUE,4,0,NA
"lassa_sitrep_2019_w11_20190316.pdf",11,"",23,9,9,TRUE,9,0,4,3,9,TRUE,3,0,NA
"lassa_sitrep_2019_w12_20190323.pdf",12,"",15,6,5,TRUE,5,1,5,3,5,TRUE,3,0,NA
"lassa_sitrep_2019_w13_20190330.pdf",13,"",16,5,5,TRUE,5,0,2,2,5,TRUE,2,0,NA
"lassa_sitrep_2019_w14_20190406.pdf",14,"",11,5,5,TRUE,5,0,1,1,5,TRUE,0,1,NA
"lassa_sitrep_2019_w15_20190413.pdf",15,"",3,2,2,TRUE,2,0,0,0,2,TRUE,0,0,NA
"lassa_sitrep_2019_w16_20190420.pdf",16,"",6,4,4,TRUE,4,0,1,1,4,TRUE,1,0,NA
"lassa_sitrep_2019_w17_20190427.pdf",17,"",8,4,4,TRUE,4,0,1,1,4,TRUE,1,0,NA
"lassa_sitrep_2019_w18_20190504.pdf",18,"",11,3,3,TRUE,3,0,4,2,3,TRUE,2,0,NA
"lassa_sitrep_2019_w19_20190511.pdf",19,"",4,3,3,TRUE,3,0,0,0,3,TRUE,0,0,NA
"lassa_sitrep_2019_w20_20190517.pdf",20,"",6,3,3,TRUE,3,0,1,1,3,TRUE,1,0,NA
"lassa_sitrep_2019_w21_20190524.pdf",21,"",3,2,2,TRUE,2,0,0,0,2,TRUE,0,0,NA
"lassa_sitrep_2019_w22_20190529.pdf",22,"",3,2,2,TRUE,2,0,1,1,2,TRUE,1,0,NA
"lassa_sitrep_2019_w23_20190607.pdf",23,"",6,3,3,TRUE,3,0,1,1,3,TRUE,1,0,NA
"lassa_sitrep_2019_w24_20190614.pdf",24,"",4,2,2,TRUE,2,0,1,1,2,TRUE,1,1,NA
"lassa_sitrep_2019_w25_20190620.pdf",25,"",10,2,2,TRUE,2,0,3,2,2,TRUE,2,0,NA
"lassa_sitrep_2019_w26_20190628.pdf",26,"",2,2,2,TRUE,2,0,1,1,2,TRUE,1,0,NA
"lassa_sitrep_2019_w27_20190705.pdf",27,"",12,3,3,TRUE,3,0,3,2,3,TRUE,2,0,NA
"lassa_sitrep_2019_w28_20190712.pdf",28,"",7,3,3,TRUE,3,0,1,1,3,TRUE,1,0,NA
"lassa_sitrep_2019_w29_20190718.pdf",29,"",9,4,4,TRUE,4,0,4,2,4,TRUE,2,0,NA
"lassa_sitrep_2019_w30_20190726.pdf",30,"",9,3,3,TRUE,3,0,0,0,3,TRUE,0,0,NA
"lassa_sitrep_2019_w31_20190801.pdf",31,"",11,3,3,TRUE,3,0,1,1,3,TRUE,1,0,NA
"lassa_sitrep_2019_w32_20190808.pdf",32,"",5,3,3,TRUE,3,0,0,0,3,TRUE,0,0,NA
"lassa_sitrep_2019_w33_20190816.pdf",33,"",2,1,1,TRUE,1,0,0,0,1,TRUE,0,0,NA
"lassa_sitrep_2019_w36_20190906.pdf",36,"",9,2,2,TRUE,2,0,0,0,2,TRUE,0,0,NA
"lassa_sitrep_2019_w37_20190914.pdf",37,"",7,4,4,TRUE,4,0,2,2,4,TRUE,2,0,NA
"lassa_sitrep_2019_w38_20190920.pdf",38,"",7,2,2,TRUE,2,0,2,2,2,TRUE,2,0,NA
"lassa_sitrep_2019_w39_20190927.pdf",39,"",13,2,2,TRUE,2,0,2,1,2,TRUE,1,0,NA
"lassa_sitrep_2019_w40_20191004.pdf",40,"",7,3,3,TRUE,3,0,1,1,3,TRUE,1,0,NA
"lassa_sitrep_2019_w41_20191011.pdf",41,"",5,3,3,TRUE,3,0,0,0,3,TRUE,0,0,NA
"lassa_sitrep_2019_w42_20191018.pdf",42,"",13,3,3,TRUE,3,0,2,2,3,TRUE,2,0,NA
"lassa_sitrep_2019_w43_20191025.pdf",43,"",4,2,2,TRUE,2,0,1,1,2,TRUE,1,0,NA
"lassa_sitrep_2019_w44_20191101.pdf",44,"",11,2,2,TRUE,2,0,1,1,2,TRUE,0,1,NA
"lassa_sitrep_2019_w45_20191108.pdf",45,"",10,5,5,TRUE,5,0,2,2,5,TRUE,2,0,NA
"lassa_sitrep_2019_w46_20191115.pdf",46,"",13,3,3,TRUE,3,0,0,0,3,TRUE,0,0,NA
"lassa_sitrep_2019_w47_20191122.pdf",47,"",8,2,2,TRUE,2,0,0,0,2,TRUE,0,0,NA
"lassa_sitrep_2019_w48_20191129.pdf",48,"",8,2,2,TRUE,2,0,2,1,2,TRUE,1,0,NA
"lassa_sitrep_2019_w49_20191206.pdf",49,"",13,3,3,TRUE,3,0,4,2,3,TRUE,2,0,NA
"lassa_sitrep_2019_w50_20191213.pdf",50,"",4,2,2,TRUE,2,0,1,1,2,TRUE,1,0,NA
"lassa_sitrep_2019_w51_20191221.pdf",51,"",7,3,3,TRUE,3,0,3,1,3,TRUE,1,0,NA
"lassa_sitrep_2019_w52_20191228.pdf",52,"",16,4,4,TRUE,4,0,4,3,4,TRUE,3,0,NA
